stationId,name,x,y,stated_km2,area_source,chem_nearby,drawn_km2,ratio,accepted,snap_m,outlet_x,outlet_y,attempts,window_km,touches_window_edge,error
01000690,"Klostergrøften, Munkebro",547033.2252,6357744.3064,28.2,description,1000102@85m,12.703,0.4505,False,184,546862.5,6357812.5,1,18.7,False,
02001038,"Elling Å, Elling Kirke",589149.0797,6370965.2691,123.36,description,2000005@9m,88.156,0.7146,False,169,589287.5,6371062.5,1,32.7,False,
02001039,"Sæby Å, Hummelbro",589517.7094,6356118.7156,18.6,description,2000006@65m,91.402,4.9141,False,195,589662.5,6355987.5,3,41.9,False,
02001040,"Knasborg Å, V. Hovedvejen",584476.9888,6383126.8494,66.4,description,2000014@20m,43.531,0.6556,False,189,584662.5,6383162.5,1,25.6,False,
03000501,"Uggerby Å, Astedbro",567971.6819,6368097.5356,152.98,description,3000003@7m,69.657,0.4553,False,167,568112.5,6368187.5,1,35.7,False,
05000069,"Voer Å, Fæbroen",586856.7213,6341490.3204,238.66,description,5000003@9m,234.079,0.9808,True,174,587012.5,6341412.5,1,43.1,False,
06000475,"Ry Å, Manna",550832.6139,6347708.744,284.73,description,6000001@5m,5.928,0.0208,False,189,550687.5,6347587.5,1,46.5,False,
06000476,"Ryå, Albæk. Fra Hunevej Til Ryå.",543953.6251,6344699.0641,56.86,description,6000150@8m,38.954,0.6851,False,194,544137.5,6344637.5,1,24.1,False,
06000477,"Mergelsbæk, Fredenslund",542177.993,6338554.6723,23.16,description,6000427@6m,10.352,0.447,False,185,542362.5,6338537.5,1,17.5,False,
06000478,"Ryå, Haldagerbro",546434.6048,6329949.4193,65.1,description,6000428@17m;6000464@142m,3.636,0.0559,False,198,546612.5,6329862.5,1,25.4,False,
07000345,"Stae Bæk, Syd For Nefovej",564349.9499,6326664.3422,27.15,description,7000333@3m,8.244,0.3036,False,181,564312.5,6326487.5,1,18.5,False,
08000137,"Gerå, Melholt Kirke",581874.5487,6329736.2585,153.79,description,8000001@24m,86.912,0.5651,False,180,582037.5,6329812.5,1,35.8,False,
09001182,"Tranum Å, Oland-Tranum Pumpestation",529665.0701,6322608.0681,123.2,description,9000021@4m,0.026,0.0002,False,167,529812.5,6322687.5,1,32.6,False,
09001183,"Tømmerby Å, Langvad Bro",499274.767,6325518.9272,28.02,description,9000022@7m,23.015,0.8214,False,190,499412.5,6325387.5,1,18.7,False,
09001185,"Vester Kanal, Ns. Thistedvej",530428.5071,6328162.701,32.52,description,9000172@3m,1.745,0.0537,False,191,530612.5,6328112.5,1,19.7,False,
09001187,"Vestervig Å, Oksenbøl",457435.7721,6292064.7239,12.18,description,9000293@15m,13.255,1.0883,True,188,457362.5,6292237.5,1,14.4,False,
09001188,"Storå, A11",487575.4335,6319065.9147,95.73,description,9000370@40m;9000001@440m,16.203,0.1693,False,212,487787.5,6319062.5,1,29.5,False,
10000986,"Herreds Å, Vegger Bro",535004.609,6305205.4175,18.12,description,10000009@12m,112.001,6.1811,False,182,535012.5,6305387.5,3,41.5,False,
10000993,"Halkær Å, Bro Halkærvej",535178.2820224088,6308322.727101049,192.4,description,10000898@19m;10000042@54m,179.327,0.9321,True,167,535087.5,6308462.5,2,62.9,False,
11000355,"Hvidbjerg Å, Hvidbjerg Møllegård",461965.5073,6299733.1397,235.84,description,11000011@20m,71.968,0.3052,False,188,461887.5,6299562.5,1,42.9,False,
11000356,"Årup Å, Årup",468445.0362,6305704.0899,108.27,description,11000016@84m,1.339,0.0124,False,192,468262.5,6305762.5,1,31.0,False,
11000357,"Koustrup Å, Åbro",467102.1503,6300178.3341,48.13,description,11000204@2m,48.514,1.008,True,163,466962.5,6300262.5,1,22.7,False,
13000606,"Lerkenfeld Å, Lerkenfeld Møllegård",524471.6168,6287881.1592,115.28,description,13000005@239m,109.559,0.9504,True,187,524287.5,6287912.5,2,50.8,False,
13000612,"Bjørnsholm Å, Vitskølkloster",512891.1404,6302951.6969,96.0,description,13000065@17m,92.21,0.9605,True,178,512737.5,6302862.5,1,29.5,False,
14000382,"Lindenborg Å, Lindenborg Bro",562885.8984,6307797.5908,213.84,description,14000022@19m,5.624,0.0263,False,171,563012.5,6307912.5,1,41.1,False,
15001088,"Haslevgårds Å, Træpælebro",575050.3187,6295315.6992,81.45,description,15000032@9m,5.718,0.0702,False,190,574937.5,6295162.5,1,27.7,False,
15001093,"Kastbjerg Å, Ådalsvej",567126.0548,6281510.3585,91.38,description,15000067@51m,89.641,0.981,True,202,567312.5,6281587.5,1,28.9,False,
15001095,"Korup Å, Høgholt Bro",572718.0378,6289598.0731,6.0,description,15000046@4m,3.487,0.5812,False,187,572737.5,6289412.5,1,11.9,False,
15001098,"Villestrup Å, V. Ouegård Bro",561187.3825,6283294.5559,124.96,description,15000073@7m,117.018,0.9364,True,197,561262.5,6283112.5,1,32.8,False,
16001369,"Bredkær Bæk, Ns. Kærgård Mølle Dambrug",470144.3115058578,6259802.886621413,16.89,description,16000023@12m;16000438@308m,16.884,0.9996,True,172,470312.5,6259837.5,1,15.9,False,
16001374,"Vium Mølleå, Vium Mølle",496922.9249556869,6280443.030359349,30.66,description,16000070@34m,29.317,0.9562,True,198,496787.5,6280587.5,1,19.3,False,
17000028,"Simested Å, Skive-Hobro Landevej",526400.363837128,6274155.010690804,218.25,description,17000007@50m,22.658,0.1038,False,167,526312.5,6274012.5,1,41.5,False,
17000029,"Simested Å, 10 M Opstrøms Abildvad Bro",537423.4628,6281932.5513,16.47,description,17002092@20m;17002074@191m;17002090@330m,21.414,1.3002,False,202,537237.5,6282012.5,1,15.7,False,
18000263,"Skals Å, Sr. Onsild",545678.1348,6270176.7972,391.2,description,18000005@0m,342.183,0.8747,False,170,545512.5,6270137.5,1,53.5,False,
18000264,"Skals Å, Løvel Bro",530271.4423425517,6269968.320432449,556.43,description,18000077@12m,61.694,0.1109,False,169,530262.5,6270137.5,1,62.6,False,
19000466,"Jordbro Å, Jordbro Mølle",512633.3171655269,6265370.9780045245,11.85,description,19000012@5m,110.481,9.3233,False,179,512787.5,6265462.5,3,36.5,False,
19000467,"Lånum Bæk, Bækgård",508626.7997228781,6257398.7764722,17.13,description,19000015@30m,16.913,0.9873,True,186,508812.5,6257412.5,1,15.9,False,
19000468,"Fiskbæk Å, Nybro Jernbanen",515704.85569219454,6258266.2981343465,62.55,description,19000016@57m,54.391,0.8696,False,187,515587.5,6258412.5,1,25.0,False,
19000469,"Rævind Bæk, Vejbro Tårup - Sparkær",515200.3405936094,6262113.710171852,20.42,description,19000075@2m,19.349,0.9476,True,194,515387.5,6262062.5,1,16.8,False,
19000470,"Hald Bæk, Lærkenborgvej",512430.5492980257,6273399.367551201,1.57,description,19000214@32m,1.68,1.0701,True,168,512287.5,6273487.5,1,9.0,False,
20000910,"Karup Å, Nørkær Bro",498931.52266001486,6263302.995228999,597.36,description,20000024@12m,606.003,1.0145,True,199,498812.5,6263462.5,2,103.5,False,
20000912,"Karup Å, Hagebro",500489.87698024174,6251395.787564476,518.44,description,20000026@34m,504.953,0.974,True,178,500312.5,6251412.5,2,97.0,False,
20000917,"Skive Å, Østerbro",502042.4169143259,6269034.739305747,762.38,description,20000856@0m,725.289,0.9513,True,193,502187.5,6269162.5,2,115.6,False,
21006839,"Voel Bæk, Voel Bro",543464,6227938,10.58,description,21000020@8m;21000512@216m,12.611,1.192,False,181,543312.5,6228037.5,1,13.8,False,
21006840,"Knud Å, Sophiendal",554556.4903,6218901.7362,32.19,description,21000030@1m,1.593,0.0495,False,170,554387.5,6218887.5,1,19.6,False,
21006841,"Nimdrup Bæk, St 2, 300M Nedstr. Kæmpesmølle",533786.707,6207353.989,31.4,description,21000040@140m;21000585@347m;21000663@370m;21000760@434m,31.489,1.0028,True,200,533637.5,6207487.5,1,19.4,False,
21006842,"Lyså, Dmu Lysbro",531942.6298,6223679.7364,56.49,description,21000061@25m,53.971,0.9554,True,205,531737.5,6223687.5,1,24.0,False,
21006843,"Salten Å, Saltenbro",536137.0998676544,6213207.013053437,121.97,description,21000062@6m,118.909,0.9749,True,178,536312.5,6213237.5,1,32.5,False,
21006845,"Gudenå, Tvilumbro",541546.9416909963,6233010.289551748,1282.42,description,21000084@15m,153.124,0.1194,False,182,541587.5,6233187.5,1,91.9,False,
21006846,"Gudenå, Åstedbro",538230.0076,6195276.5817,189.47,description,21000085@5m,195.116,1.0298,True,208,538387.5,6195412.5,1,39.0,False,
21006847,"Gudenå, 500 M Os Vorvadsbro",543442.4699,6207840.3905,377.33,description,21000089@396m;21001773@435m,343.248,0.9097,True,181,543387.5,6208012.5,1,52.6,False,
21006851,"Alling Å, Ny Rævebro, Fløjstrup",578534.996,6252869.9965,237.94,description,21000413@67m,21.571,0.0907,False,183,578712.5,6252912.5,1,43.0,False,
21006852,"Borre Å, Møllebro",542554.6251,6240810.7144,65.96,description,21000446@20m,67.451,1.0226,True,175,542412.5,6240912.5,1,25.5,False,
21006853,"Gudenå, Ulstrup Bro",549006.571,6250166.8104,179.0,description,21000461@9m,460.234,2.5711,False,194,549187.5,6250237.5,3,97.6,False,
21006857,"Funder Å, Funder St.",529130.7808,6221420.813,41.28,description,21000528@14m;21000619@187m;21002440@197m;21000620@226m;21000865@254m;21000864@333m;21000707@337m,40.901,0.9908,True,170,529287.5,6221487.5,1,21.4,False,
21006858,"Hadsten Lilleå, Lige Ns Løjstrup Dambrug",555486.3572500533,6247588.161795039,300.5,description,21001665@15m;21000548@285m;21000581@452m;21000579@489m,317.682,1.0572,True,199,555487.5,6247787.5,1,47.6,False,
21006860,"Ringkloster Å, Klosterbro",560094.9868,6207971.1853,46.54,description,21000587@27m,10.16,0.2183,False,178,559987.5,6208112.5,1,22.4,False,
21006861,"Salten Å, Rye Bro",543005.1007,6212738.2223,162.0,description,21000591@35m,32.017,0.1976,False,184,543187.5,6212712.5,1,36.5,False,
21006862,"Gudenå, Emborg Bro",544737.2172,6212949.6866,791.17,description,21000643@18m,408.348,0.5161,False,186,544912.5,6213012.5,1,73.5,False,
21006868,"Horndrup Bæk, Sortholmvej LOOP 3",553274.8534,6206684.065,4.9,description,21000752@13m;21000756@158m;21000757@415m,6.231,1.2716,False,181,553437.5,6206762.5,1,11.3,False,
21006869,"Javngyde Bæk, Os Rensningsanlæg",551209.0019,6218306.0019,10.54,description,21002648@0m;21000759@1m;21000565@173m;21000566@179m;21000652@183m;21000665@373m,10.852,1.0296,True,194,551212.5,6218112.5,1,13.8,False,
21006876,"Ølholm Bæk, Ølholm",531711.5129,6188460.6973,21.93,description,21000872@3m,21.601,0.985,True,202,531712.5,6188662.5,1,17.2,False,
21006878,"Gjern Å, Jernbane Dæmning",545351.2963,6231473.0939,17.96,description,21000923@27m;21000828@37m;21000457@384m,112.324,6.2541,False,175,545187.5,6231412.5,3,41.4,False,
21006881,"Nørre Å, Skjern Bro",546214.085145215,6256817.543839054,327.24,description,21001449@36m,8.454,0.0258,False,175,546387.5,6256837.5,1,49.4,False,
21006887,"Gudenå, Remstrupå, 100 M Nedstrøms Udløb Fra Papirfabrik",534551.7621,6225485.9425,982.58,description,21003549@46m;21006036@180m;21000087@232m,0.698,0.0007,False,202,534562.5,6225687.5,1,81.2,False,
21006889,"Gudenå, Randers Bro",564177.9087,6257435.9681,2636.95,description,21006207@109m,104.044,0.0395,False,118,564062.5,6257412.5,1,129.2,False,
22001654,"Storå, Skærum Bro",459513.1092754516,6243533.383697548,1097.05,description,22000062@46m,105.192,0.0959,False,201,459312.5,6243537.5,1,85.5,False,
22001656,"Storå, Ved Gl. Grydholt",484364.09113783983,6244257.756788204,55.0,description,22000225@61m,341.377,6.2069,False,180,484362.5,6244437.5,4,97.5,False,
22001667,"Storå, Laksestien",476919.3384775098,6245536.541585774,718.24,description,22001541@16m,479.486,0.6676,False,187,476762.5,6245637.5,2,112.5,False,
23000179,"Egå, Lystrupvej, Vest For Lille Mosegård",576551.8275,6230531.0137,55.68,description,23000248@21m;23001062@396m;23001070@435m;23000080@493m,11.206,0.2013,False,191,576737.5,6230487.5,1,23.9,False,
23000182,"Kolå, Ved Nybro",593606,6238210,23.03,description,23000587@0m;23000048@424m,22.22,0.9648,True,161,593462.5,6238137.5,1,17.5,False,
25003908,"Skjern Å, Tykskov",514576.9624,6201157.6431,88.27,description,25000018@10m,79.47,0.9003,True,165,514412.5,6201162.5,1,28.5,False,
25003909,"Omme Å, Farre",514179.8945,6184346.5117,112.12,description,25000019@3m,78.738,0.7023,False,165,514062.5,6184462.5,1,31.4,False,
25003910,"Holtum Å, Hygild",514221.7663000001,6206156.831700001,117.26,description,25000020@3m,111.561,0.9514,True,197,514037.5,6206087.5,1,32.0,False,
25003914,"Skjern Å, Alergård",481721.530830359,6201331.08722378,1054.58,description,25000082@35m,615.864,0.584,False,196,481537.5,6201262.5,1,83.9,False,
26000766,"Århus Å, Ved Skibby",564642.7336,6221589.7177,118.64,description,26000082@2m,118.843,1.0017,True,190,564712.5,6221412.5,1,32.1,False,
26000768,"Lyngbygårds Å, A 15",564257.9258,6223528.1111,131.47,description,26000096@12m,129.861,0.9878,True,175,564362.5,6223387.5,2,53.6,False,
27001035,"Odder Å, Fillerup",569784,6202598,13.0,description,27000003@13m;27000041@108m,13.463,1.0356,True,178,569937.5,6202687.5,1,14.7,False,
27001106,"Åkær Å, Ads Mølle",568921.084,6195206.9512,22.76,description,27000055@37m,4.619,0.2029,False,170,568937.5,6195037.5,1,17.4,False,
27001109,"Stampemølle Bæk, Opstrøms Odder Å",572254.7118,6204795.786,10.7,description,27000671@97m;27000061@298m,29.148,2.7241,False,186,572337.5,6204962.5,2,22.2,False,
28000260,"Bygholm Å, Kørup Bro",547228.2380164487,6192164.177680013,154.19,description,28000001@12m;28000014@252m,113.19,0.7341,False,175,547387.5,6192237.5,1,35.8,False,
28000262,"Bygholm Å, Sø Hjørne Af Bygholm Park I Horsens",552188.2158601558,6190913.912103781,181.94,description,28000051@131m,168.028,0.9235,True,190,552362.5,6190837.5,1,38.4,False,
30000681,"Hennemølle Å, Bro Porsmosevej V. Henne Møllegård",450380.0596,6175582.5632,169.0,description,30000308@7m,99.632,0.5895,False,170,450212.5,6175612.5,1,37.2,False,
31001396,"Grindsted Å, Ved Eg Bro",487990.3703,6179469.4148,200.0,description,31000021@6m,186.443,0.9322,True,203,487787.5,6179462.5,2,63.9,False,
31001398,"Varde Å, V. Vagtborg",471080.7735,6166438.9146,814.5,description,31000027@32m;31000627@425m,69.492,0.0853,False,127,471087.5,6166312.5,1,74.5,False,
32000997,"Vejle Å, Haraldskær",527552.8225,6172941.0789,198.9,description,32000001@8m,142.377,0.7158,False,199,527687.5,6173087.5,1,39.8,False,
32000998,"Grejs Å, Grejsdalens Planteskole",532811.8076,6179207.332,63.41,description,32000004@2m,62.567,0.9867,True,184,532962.5,6179312.5,1,25.1,False,
32001001,"Højen Å, Nederbro",531165.8353,6172442.0435,29.16,description,32000022@1m,30.476,1.0451,True,185,531237.5,6172612.5,1,19.0,False,
33000333,"Skærup Å, Pjedsted",541918.3311,6162322.4049,48.0,description,33000003@12m,6.621,0.1379,False,189,542087.5,6162237.5,1,22.6,False,
33000334,"Spang Å (Bredstrup Å), Bredstrup",540883.11,6160560.4192,64.48,description,33000004@61m,61.989,0.9614,True,185,540937.5,6160737.5,1,25.3,False,
34000514,"Kolding Å, Ejstrup",523885.4904,6150637.0055,89.93,description,34000003@14m,211.28,2.3494,False,182,524037.5,6150537.5,2,46.0,False,
35000722,"Sneum Å, V. Nørå Bro",480809.1073,6150081.1652,224.0,description,35000010@21m,216.903,0.9683,True,162,480662.5,6150012.5,1,41.9,False,
36000551,"Konge Å, Ved Konge Bro",489566.0459,6140704.0404,388.0,description,36000008@4m,381.386,0.983,True,203,489412.5,6140837.5,2,85.2,False,
36000552,"Konge Å, Vilslev Spang",481208.5782665354,6138740.608254189,426.7,description,36000009@68m,414.156,0.9706,True,179,481062.5,6138637.5,3,142.3,False,
37000857,"Taps Å, Ved Rensningsanlæg",531533.4047,6134153.4003,65.79,description,37000038@12m;37000289@62m,65.444,0.9947,True,178,531612.5,6134312.5,1,25.5,False,
38000861,"Blå Å (Lilleå), T.T. Jels Oversø",516097.999,6137291.0022,10.8,description,38000020@233m,12.444,1.1522,False,191,515937.5,6137187.5,1,13.9,False,
38000862,"Hjortvad Å, V. Bremkrog",490023.0842,6135526.1133,118.0,description,38000023@23m,0.169,0.0014,False,194,489887.5,6135387.5,1,32.1,False,
38000863,"Ribe Å, V. Stavnager Bro",492178.0498,6130693.9677,675.25,description,38000024@5m,371.894,0.5508,False,191,491987.5,6130687.5,2,109.4,False,
38000866,"Gels Å, Bevtoft",513048.6363,6117239.95,112.3,description,38000097@6m,97.555,0.8687,False,202,512862.5,6117162.5,1,31.4,False,
38000868,"Gram Å, Petersholm",510854.6408,6127027.3538,165.8,description,38000107@106m,164.74,0.9936,True,196,510712.5,6127162.5,1,36.9,False,
41000789,"Slotsmølle Å, Vest For Bro Ved Vestmarksvej I Aabenraa.",525377.6514,6100159.7738,11.87,description,41000391@3m,7.825,0.6592,False,186,525562.5,6100137.5,1,14.3,False,
42001216,"Grønå, Rørkær",495536.6974,6086563.491,563.26,description,42000016@36m,0.088,0.0002,False,183,495712.5,6086612.5,1,63.0,False,
42001220,"Vidå, Emmerske",495415.1758,6089611.5391,247.71,description,42000021@53m,0.237,0.001,False,168,495337.5,6089462.5,1,43.8,False,
42001223,"Søderup Å, Øst For Bro Ved Vejen Fra Ting",509380.26,6091652.0285,46.64,description,42000366@29m,26.809,0.5748,False,168,509212.5,6091637.5,2,35.8,False,
43000494,"Storå, Møllebro (4.6)",562624.3828,6150448.7095,136.79,description,43000001@41m;43000006@146m,135.911,0.9936,True,174,562462.5,6150512.5,1,34.1,False,
43000495,"Ringe Å, 3.05",580747.5603737737,6158356.994836373,28.02,description,43000003@79m;43000012@94m;43000004@196m;43000005@260m;43000002@447m,18.582,0.6632,False,190,580562.5,6158312.5,1,18.7,False,
43000496,"Viby Å, 2.90",553197.7854,6145003.9907,29.12,description,43000007@10m;43000310@265m,27.861,0.9568,True,203,553012.5,6145087.5,1,19.0,False,
43000497,"Aulby Mølleå, Aulby",552133.3935066623,6150402.6475507,19.38,description,43000408@68m,18.551,0.9572,True,187,552162.5,6150587.5,1,16.6,False,
43000498,"Kragelund Møllebæk, Kragelund Møllegård",575646.3166,6158511.1769,13.59,description,43000432@8m,0.071,0.0052,False,181,575687.5,6158687.5,1,14.8,False,
44000452,"Vindinge Å, Ns Ullerslev Rens. (9.90)",605897.9051691511,6134749.266346247,127.63,description,44000025@28m;44000021@93m;44000183@93m,120.034,0.9405,True,198,605962.5,6134562.5,1,33.1,False,
44000453,"Kogsbølle Bæk, Holckenhavn Nor, Kogsbølle Bæk, Holckenhavn Nor",610177.005044558,6128735.4676330155,15.82,description,44000191@26m;44000268@30m;44000022@267m;44000001@353m,38.577,2.4385,False,187,610237.5,6128912.5,2,24.9,False,
44000454,"Ørbæk Å, Æbleskov",608033.846337399,6127458.192832443,3.0,description,44000590@1m,18.437,6.1457,False,186,608187.5,6127562.5,2,16.3,False,
45001605,"Odense Å, Ejby Mølle, Ns Rens (St 8.45)",590123.933,6140235.3544,535.07,description,45000001@15m;45000002@217m,503.2,0.9404,True,170,590287.5,6140187.5,2,98.4,False,
45001607,"Odense Å, Kratholm (22.35)",584147.5333,6132342.8911,485.87,description,45000003@138m,453.09,0.9325,True,174,584187.5,6132512.5,1,58.9,False,
45001608,"Odense Å, Nørre Broby (St 35.80)",578143.3199,6123958.5819,301.62,description,45000004@42m,296.079,0.9816,True,194,577962.5,6123887.5,2,76.3,False,
45001609,"Stavis Å, Stavis Bro (St 8.25)",581796.2858370717,6143666.338387204,78.04,description,45000430@13m;45000005@122m,4.527,0.058,False,174,581912.5,6143537.5,1,27.2,False,
45001611,"Arreskov Sø, Tilløb 5",583699.8714689453,6111475.87677365,6.59,description,45000034@128m;45000029@458m,6.091,0.9243,True,212,583687.5,6111687.5,1,12.2,False,
45001612,"Arreskov Sø, Tilløb 1, Arreskov Sø, Tilløb 1",582793.0939719997,6114658.5004060315,3.09,description,45000035@17m;45001304@42m;45001165@78m;45001573@83m;45001174@120m;45001176@212m;45001305@223m;45001175@347m;45001172@389m;45001307@484m,3.028,0.9799,True,196,582787.5,6114462.5,1,10.2,False,
45001613,"Lindved Å, 1.20",592361.9763,6139228.4853,64.74,description,45000043@16m,56.039,0.8656,False,194,592187.5,6139312.5,2,40.5,False,
45001614,"Lunde Å, 7.25",584872.4159,6149620.0332,41.6,description,45000044@15m;45001168@407m,42.432,1.02,True,168,585037.5,6149587.5,2,34.4,False,
45001615,"Odense Å, Afløb Arreskov Sø",584464.2381,6113854.2403,29.6,description,45000045@20m,29.207,0.9867,True,199,584612.5,6113987.5,1,19.1,False,
45001616,"Sallinge Å, 2.50",585080.6170079682,6120574.212053256,72.88,description,45000047@91m,75.436,1.0351,True,189,584912.5,6120487.5,2,42.4,False,
45001617,"Geels Å, 3.45",596598.973,6143999.8811,26.68,description,45000058@21m,33.726,1.2641,False,184,596512.5,6144162.5,2,29.4,False,
45001620,"Rislebæk, Sollerup",581976.9566,6111769.91,3.48,description,45000090@68m;45000033@330m,3.388,0.9736,True,197,582112.5,6111912.5,1,10.5,False,
45001621,"Hågerup Å, Nedstrøms Hågerup",586345.603,6114939.4476,77.6,description,45000117@33m,71.594,0.9226,True,176,586187.5,6114862.5,2,43.4,False,
45001624,"Ryds Å, V. Gransangervej",583608.9260966139,6142197.282241662,42.38,description,45001404@15m,43.456,1.0254,True,178,583762.5,6142287.5,2,34.6,False,
45001625,"Vejrup Å, Skovhaven",593808.4431,6142844.2808,41.48,description,45001412@31m;45000048@125m,47.94,1.1557,False,172,593712.5,6142987.5,2,34.3,False,
46000682,"Brende Å, St . 5.3",558433.028900241,6136527.140370228,102.51,description,46000001@278m,60.211,0.5874,False,191,558262.5,6136612.5,1,30.3,False,
46000717,"Hattebækken, Vej Falsled-Jordløse (0.80)",572747.0067212324,6113281.002215427,16.48,description,46000016@51m,16.59,1.0067,True,190,572562.5,6113237.5,1,15.7,False,
46000718,"Hårby Å, 3.10",570892.7116820686,6118991.992727538,78.48,description,46000017@197m,75.506,0.9621,True,197,570812.5,6118812.5,1,27.3,False,
46000719,"Søholm Sø, Tilløb 1, Søholm Sø, Tilløb 1",571678.8872685793,6126595.518066706,4.15,description,46000018@118m;46000027@131m,2.341,0.5641,False,207,571837.5,6126462.5,1,10.9,False,
46000720,"Søholm Sø, Afløb, Søholm Sø, Afløb",571665.4766,6125448.8947,5.95,description,46000019@2m;46000170@68m;46000169@89m,3.847,0.6466,False,178,571487.5,6125462.5,1,11.9,False,
46000726,"Kærum Å, Møllerhuse",557904.5414,6124461.5052,18.0,description,46000642@2m,17.345,0.9636,True,184,557737.5,6124537.5,1,16.2,False,
47000766,"Vejstrup Å, 1.80",610600.4150250135,6106157.202459991,39.98,description,47000036@333m,40.773,1.0198,True,193,610762.5,6106262.5,1,21.2,False,
47000854,"Stokkebækken, 1.80",613743.1273,6116060.3475,53.31,description,47000037@10m;47000088@97m;47000411@240m;47000034@430m,54.846,1.0288,True,186,613912.5,6116137.5,2,37.6,False,
48000402,"Esrum Å, Ørnevej",709842.2284,6221597.007,128.1,description,48000004@17m,2.493,0.0195,False,162,709762.5,6221737.5,1,33.2,False,
48000403,"Følstrup Bæk, Os Stenholts Mølle",708986.0461,6207068.4919,6.13,description,48000006@86m;48000125@258m;48000126@266m,2.502,0.4082,False,169,708987.5,6207237.5,1,11.9,False,
48000404,"Højbro Å, V. Hanebjerggård",696251.6036,6219952.4712,36.31,description,48000007@4m,34.117,0.9396,True,195,696437.5,6220012.5,1,20.5,False,
48000406,"Østerbæk, Sv For Stenstrupgård",715738.7362,6220454.9757,8.95,description,48000011@50m,9.779,1.0926,True,200,715862.5,6220612.5,1,13.2,False,
49000341,"Arresø Kanal, Arresødal Sluse",689035.9969,6207486.0041,256.62,description,49000054@158m,0.438,0.0017,False,182,689187.5,6207587.5,1,44.4,False,
49000342,"Lyngby Å, Pumpestation",692580.0031,6203086.9996,19.45,description,49000057@0m,21.436,1.1021,False,189,692762.5,6203137.5,1,16.6,False,
49000343,"Æbelholt Å, Søsterbro Mølle",699103.0387,6204782.3606,11.85,description,49000061@14m,14.572,1.2297,False,193,698987.5,6204937.5,1,14.3,False,
50000530,"Dumpedalsrenden, Vasevej",715934.415,6192550.2913,7.1,description,50000045@16m,5.472,0.7707,False,181,716012.5,6192387.5,1,12.4,False,
50000531,"Kighanerenden, Caroline Mathildevej",722598.8908,6194145.2827,5.15,description,50000048@19m,0.263,0.0511,False,168,722687.5,6194287.5,1,11.4,False,
50000532,"Mølleå, Afløb Furesø",716099,6187069,78.47,description,50000050@0m;50000258@396m,43.375,0.5528,False,183,716262.5,6186987.5,1,27.3,False,
50000533,"Mølleå, Stampen Mølle",722458.562,6190328.0982,120.55,description,50000051@2m;50000261@11m,86.976,0.7215,False,204,722662.5,6190337.5,1,32.4,False,
50000535,"Nive  Å, V. Jellebro",717684.2005,6203882.3179,62.42,description,50000056@92m,48.793,0.7817,False,180,717837.5,6203787.5,1,25.0,False,
50000536,"Usserød Å, Nive Mølle",718279.2944,6203555.8672,74.39,description,50000057@41m,118.626,1.5946,False,206,718437.5,6203687.5,1,26.7,False,
50000537,"Hestetangs Å, Kalkværksbro",707547.9612,6190569.818,8.39,description,50000058@80m,8.093,0.9646,True,162,707687.5,6190487.5,1,13.0,False,
51000679,"Svinninge Å, Marke Bro",655009.0011,6175242.9971,37.0,description,51000001@13m,32.187,0.8699,False,171,654987.5,6175412.5,1,20.6,False,
51000680,"Kalvemose Å, Butterup Bro",664966.0159,6176175.7343,36.0,description,51000002@14m,39.244,1.0901,True,190,664812.5,6176287.5,1,20.4,False,
51000681,"Lammefjord Søkanal, Audebo",664937.4995,6183751.3701,62.34,description,51000021@185m;51000020@304m,31.301,0.5021,False,185,664812.5,6183887.5,1,24.9,False,
51000682,"Tuse Å, Nybro",662559.9633,6175733.5644,107.0,description,51000024@16m,107.844,1.0079,True,185,662512.5,6175912.5,1,30.8,False,
51000683,"Elverdamsåen, V. Kragebro",675809.1041,6168978.251,34.54,description,51000026@11m,34.27,0.9922,True,177,675887.5,6169137.5,1,20.1,False,
51000684,"Ejby Å (Kvl.107), V. Flækkebakke",678953.5019,6176576.0389,20.56,description,51000245@3m;51000025@329m,17.149,0.8341,False,199,678837.5,6176737.5,1,16.9,False,
51000685,"Elverdams Å, Kildevang (Åsen)",677764.5002,6164252.7852,9.0,description,51000250@35m,9.203,1.0226,True,186,677787.5,6164437.5,1,13.2,False,
51000686,"Garverrenden (Privat), Langtved Landevej",677791.0845,6172990.0511,9.51,description,51000261@16m,9.546,1.0038,True,178,677662.5,6173112.5,1,13.4,False,
52000079,"Nybølle Å, Nybøllevad Bro",705055.363,6178008.1769,29.12,description,52000020@6m,22.499,0.7726,False,169,704887.5,6177987.5,1,19.0,False,
52000092,"Græse Å, V. Hørup, Lindebjerg",695425.1739,6193601.8376,25.37,description,52000025@6m;52000024@371m,25.946,1.0227,True,184,695262.5,6193687.5,2,28.9,False,
52000151,"Havelse Å, Strø Bro",697023.3147,6199414.3539,102.7,description,52000029@11m,95.934,0.9341,True,192,696837.5,6199462.5,1,30.3,False,
52000197,"Mademose Å, S For Tørslev",689904.6364,6187998.8036,5.43,description,52000033@33m,4.23,0.779,False,162,689987.5,6188137.5,1,11.6,False,
52000247,"Værebro Å, V. Veksø Bro",702524.9952,6181967.5348,110.51,description,52000039@35m,90.901,0.8226,False,191,702462.5,6181787.5,1,31.2,False,
52000794,"Værebro Å, Nedre Værebro",695769,6184373,148.57,description,52000040@36m,39.483,0.2658,False,186,695587.5,6184412.5,1,35.3,False,
52000795,"Hove Å, S. F. Gundsøgård",696929.0648,6180159.0612,67.89,description,52000063@22m,0.476,0.007,False,187,696812.5,6180012.5,1,25.8,False,
52000812,"Langvad Å, Storemøllebro",687627.1947,6168498.7715,175.48,description,52000068@4m,180.384,1.0279,True,177,687737.5,6168637.5,1,37.8,False,
52000850,"Maglemose Å, St.Valby V. Ågerupvej",697237.5633,6176395.5031,26.49,description,52000199@2m,26.433,0.9978,True,169,697262.5,6176562.5,1,18.4,False,
52000856,"Sillebro Å, Frederikssund",692162.3209,6192142.4475,29.05,description,52001041@11m;52000035@322m,28.611,0.9849,True,181,691987.5,6192187.5,1,18.9,False,
53000794,"Ll. Vejle Å, Pilemøllen",708827.8943,6167715.5801,25.51,description,53000010@47m,8.17,0.3203,False,210,709037.5,6167712.5,1,18.1,False,
53000796,"Harrestrup Å, Landlystvej",718747.9762,6173771.7036,63.85,description,53000028@78m,3.71,0.0581,False,185,718762.5,6173587.5,1,25.2,False,
53000797,"Skensved Å, Øst For Lille Skensved",699890.6875,6156348.8646,28.0,description,53000618@4m,27.726,0.9902,True,197,700087.5,6156337.5,1,18.7,False,
54000491,"Fladmose Å, Dyssegård",652352.9818,6122193.5453,14.0,description,54000002@3m,18.286,1.3061,False,182,652337.5,6122012.5,1,15.0,False,
54000492,"Hulbyrenden, V.F. Billinge Banke",640506.9852,6134515.5263,13.17,description,54000009@2m,13.647,1.0362,True,174,640362.5,6134612.5,1,14.7,False,
54000493,"Spegerborgrenden, 50 M Os Renseanlæg",646098.9697,6124550.9672,5.97,description,54000184@48m,7.508,1.2576,False,206,645912.5,6124637.5,1,11.9,False,
55000489,"Åmose Å, Ugerløse Bro",666601.4296,6160988.8864,112.0,description,55000017@46m,95.013,0.8483,False,157,666462.5,6161062.5,1,31.4,False,
55000490,"Åmose Å, Bromølle",650245.087,6165618.7958,291.0,description,55000018@234m,235.264,0.8085,False,180,650137.5,6165762.5,2,75.1,False,
56000293,"Tudeå, Ørslev",650719.7245,6150188.4002,147.97,description,56000007@18m,65.272,0.4411,False,194,650637.5,6150012.5,1,35.2,False,
57001283,"Fladså, Rettestrup",676669.2655,6118826.4688,67.92,description,57000053@18m,43.015,0.6333,False,208,676512.5,6118962.5,2,41.2,False,
57001286,"Suså, S.F.Holløse Bro",670749.4523,6131463.2744,763.28,description,57000058@6m,127.302,0.1668,False,180,670712.5,6131287.5,1,72.3,False,
57001295,"Kyllebæk, Kyllebæk Huse",679662.1511,6114014.3288,18.43,description,57000507@16m,12.442,0.6751,False,168,679512.5,6113937.5,1,16.3,False,
58000208,"Køge Å, V. Lellinge Dambrug",696075.9356,6151374.0443,134.32,description,58000047@25m,141.143,1.0508,True,197,696262.5,6151437.5,2,54.1,False,
59000235,"Tryggevælde Å, V. Ll. Linde",703222.812,6136662.2973,129.22,description,59000006@69m,127.032,0.9831,True,167,703387.5,6136637.5,1,33.3,False,
60000991,"Køng Å, Pumpestation Indv.",681120.2463,6106787.6403,49.94,description,60000029@19m,1.669,0.0334,False,193,681037.5,6106962.5,1,23.0,False,
60000992,"Mern Å, Sageby Bro",698236.7762,6102738.6998,42.88,description,60000031@49m,41.504,0.9679,True,182,698412.5,6102787.5,1,21.7,False,
60000993,"Næs Å, Pumpestation",681392.8005,6105056.95,44.39,description,60000032@37m,2.714,0.0611,False,194,681462.5,6105237.5,1,22.0,False,
60000999,"Landsledgrøft, Slotshøj",714743.3388,6098570.7086,6.44,description,60000212@58m,2.841,0.4411,False,205,714587.5,6098437.5,1,12.1,False,
61000456,"Tingsted Å, Tingsted",686706.95,6077773.4812,35.97,description,61000012@74m;61000096@428m,59.496,1.654,False,194,686762.5,6077587.5,1,20.4,False,
61000459,"Marrebæk Kanal, Pst. Bøtø Nor Udvendig",687332.5793,6063399.8011,77.78,description,61000089@4m;61000015@239m;61000010@327m,0.187,0.0024,False,191,687487.5,6063287.5,1,27.2,False,
61000460,"Tingsted Å,4F, Sønder Kohave",686248.1947,6072801.9619,64.38,description,61000094@26m,14.401,0.2237,False,211,686037.5,6072812.5,1,25.3,False,
61000461,"Avl,3F, Pumpestation",685635.831,6070389.3643,26.85,description,61000124@20m,0.066,0.0025,False,195,685487.5,6070262.5,1,18.4,False,
61000463,"Nordkanalen 2F, Pst. Bøtø Nor Indvendig",687681.1147,6063293.4524,35.04,description,61000010@123m;61000015@138m;61000089@368m,0.048,0.0014,False,182,687587.5,6063137.5,1,20.2,False,
62000007,"Halsted Å, Pumpestation Indv.",638667.3907,6076681.4986,67.29,description,62000011@47m,0.648,0.0096,False,98,638587.5,6076737.5,1,25.7,False,
62000053,"Højvads Rende, Lille Rosning",646693.8409,6082383.9559,9.85,description,62000014@14m;62000109@442m,10.617,1.0779,True,187,646512.5,6082337.5,1,13.5,False,
62000386,"Ryde Å, Pumpestation Indv.",638283.6099,6075722.9776,79.01,description,62000017@20m,11.587,0.1467,False,179,638212.5,6075887.5,1,27.3,False,
63000312,"Sakskøbing Å, Krenkerup",671974.348,6073648.7712,40.96,description,63000007@22m;63000031@349m,0.349,0.0085,False,164,672062.5,6073787.5,1,21.4,False,
64000249,"Nældevads Å, Strædeskov (32L)",658689.6142,6078325.1958,42.13,description,64000025@31m,41.556,0.9864,True,184,658862.5,6078262.5,1,21.6,False,
65000289,"Hovedkanal, 39, Kramnitze Pumpestation",644954.0862,6064974.9875,207.4,description,65000058@31m;65000001@79m,0.453,0.0022,False,166,644812.5,6065062.5,1,40.6,False,
66000013,"Bagge Å, Ved Målestation 650 M Os Havet",863833.5068,6126693.894,42.43,description,66000014@12m,44.551,1.05,True,174,863662.5,6126662.5,1,21.6,False,
