stationId,catchment_km2,field_block_year,farmland_share,clay_share,soil_map_coverage,plants_n,plants_n_kg,outlets_n,outlets_n_kg,fish_farms,industrial_outlets,scattered_houses,district
05000069,234.079,2021,0.73856,0.0639,0.8808,2,272.0,55,1688.0,0,0,1421,"{""distr_id"": ""DK1"", ""distrik_id"": ""DK1"", ""distrik_na"": ""Jylland og Fyn"", ""ho_id"": ""999"", ""mst_id"": ""DK1""}"
09001187,13.255,2021,0.79728,0.76551,0.8584,0,0,4,188.0,0,0,66,"{""distr_id"": ""DK1"", ""distrik_id"": ""DK1"", ""distrik_na"": ""Jylland og Fyn"", ""ho_id"": ""999"", ""mst_id"": ""DK1""}"
10000993,179.327,2021,0.73503,8e-05,0.858,4,4198.0,85,2853.0,1,0,860,"{""distr_id"": ""DK1"", ""distrik_id"": ""DK1"", ""distrik_na"": ""Jylland og Fyn"", ""ho_id"": ""999"", ""mst_id"": ""DK1""}"
11000357,48.514,2021,0.84474,0.72842,0.8677,0,0,10,180.0,0,0,280,"{""distr_id"": ""DK1"", ""distrik_id"": ""DK1"", ""distrik_na"": ""Jylland og Fyn"", ""ho_id"": ""999"", ""mst_id"": ""DK1""}"
13000606,109.559,2021,0.82848,1e-05,0.8925,4,365.0,17,367.0,0,0,548,"{""distr_id"": ""DK1"", ""distrik_id"": ""DK1"", ""distrik_na"": ""Jylland og Fyn"", ""ho_id"": ""999"", ""mst_id"": ""DK1""}"
13000612,92.21,2021,0.72016,0.00018,0.8384,1,44.0,18,569.0,1,0,420,"{""distr_id"": ""DK1"", ""distrik_id"": ""DK1"", ""distrik_na"": ""Jylland og Fyn"", ""ho_id"": ""999"", ""mst_id"": ""DK1""}"
15001093,89.641,2021,0.75266,0.12542,0.9048,0,0,24,183.0,0,0,311,"{""distr_id"": ""DK1"", ""distrik_id"": ""DK1"", ""distrik_na"": ""Jylland og Fyn"", ""ho_id"": ""999"", ""mst_id"": ""DK1""}"
15001098,117.018,2021,0.67638,0.00015,0.877,0,0,27,1017.0,0,0,491,"{""distr_id"": ""DK1"", ""distrik_id"": ""DK1"", ""distrik_na"": ""Jylland og Fyn"", ""ho_id"": ""999"", ""mst_id"": ""DK1""}"
16001369,16.884,2021,0.63205,0.18807,0.8989,0,0,2,53.0,0,0,58,"{""distr_id"": ""DK1"", ""distrik_id"": ""DK1"", ""distrik_na"": ""Jylland og Fyn"", ""ho_id"": ""999"", ""mst_id"": ""DK1""}"
16001374,29.317,2021,0.84882,0.58065,0.8788,0,0,10,439.0,0,1,148,"{""distr_id"": ""DK1"", ""distrik_id"": ""DK1"", ""distrik_na"": ""Jylland og Fyn"", ""ho_id"": ""999"", ""mst_id"": ""DK1""}"
19000467,16.913,2021,0.84247,0.00017,0.8937,0,0,1,8.0,0,0,117,"{""distr_id"": ""DK1"", ""distrik_id"": ""DK1"", ""distrik_na"": ""Jylland og Fyn"", ""ho_id"": ""999"", ""mst_id"": ""DK1""}"
19000469,19.349,2021,0.68064,0.00067,0.8681,0,0,8,91.0,0,0,86,"{""distr_id"": ""DK1"", ""distrik_id"": ""DK1"", ""distrik_na"": ""Jylland og Fyn"", ""ho_id"": ""999"", ""mst_id"": ""DK1""}"
19000470,1.68,2021,0.61293,0.08305,0.8001,0,0,1,171.0,0,0,8,"{""distr_id"": ""DK1"", ""distrik_id"": ""DK1"", ""distrik_na"": ""Jylland og Fyn"", ""ho_id"": ""999"", ""mst_id"": ""DK1""}"
20000910,606.003,2021,0.5673,0.01264,0.8799,2,5743.0,76,3478.0,10,0,1990,"{""distr_id"": ""DK1"", ""distrik_id"": ""DK1"", ""distrik_na"": ""Jylland og Fyn"", ""ho_id"": ""999"", ""mst_id"": ""DK1""}"
20000912,504.953,2021,0.52781,0.01414,0.8783,1,4790.0,57,2942.0,10,0,1638,"{""distr_id"": ""DK1"", ""distrik_id"": ""DK1"", ""distrik_na"": ""Jylland og Fyn"", ""ho_id"": ""999"", ""mst_id"": ""DK1""}"
20000917,725.289,2021,0.57591,0.02968,0.8646,2,5743.0,141,6669.0,10,0,2419,"{""distr_id"": ""DK1"", ""distrik_id"": ""DK1"", ""distrik_na"": ""Jylland og Fyn"", ""ho_id"": ""999"", ""mst_id"": ""DK1""}"
21006841,31.489,2021,0.58768,0.26676,0.7976,0,0,14,634.0,0,0,160,"{""distr_id"": ""DK1"", ""distrik_id"": ""DK1"", ""distrik_na"": ""Jylland og Fyn"", ""ho_id"": ""999"", ""mst_id"": ""DK1""}"
21006842,53.971,2021,0.32754,0.00083,0.8095,0,0,28,915.0,3,0,239,"{""distr_id"": ""DK1"", ""distrik_id"": ""DK1"", ""distrik_na"": ""Jylland og Fyn"", ""ho_id"": ""999"", ""mst_id"": ""DK1""}"
21006843,118.909,2021,0.44711,0.081,0.8481,1,88.0,30,1055.0,3,0,550,"{""distr_id"": ""DK1"", ""distrik_id"": ""DK1"", ""distrik_na"": ""Jylland og Fyn"", ""ho_id"": ""999"", ""mst_id"": ""DK1""}"
21006846,195.116,2021,0.73787,0.34785,0.8483,2,8107.0,96,3615.0,0,0,1029,"{""distr_id"": ""DK1"", ""distrik_id"": ""DK1"", ""distrik_na"": ""Jylland og Fyn"", ""ho_id"": ""999"", ""mst_id"": ""DK1""}"
21006847,343.248,2021,0.69492,0.3529,0.8491,3,13001.0,123,4935.0,2,0,1674,"{""distr_id"": ""DK1"", ""distrik_id"": ""DK1"", ""distrik_na"": ""Jylland og Fyn"", ""ho_id"": ""999"", ""mst_id"": ""DK1""}"
21006852,67.451,2021,0.75491,0.63767,0.8676,2,971.0,19,605.0,0,0,478,"{""distr_id"": ""DK1"", ""distrik_id"": ""DK1"", ""distrik_na"": ""Jylland og Fyn"", ""ho_id"": ""999"", ""mst_id"": ""DK1""}"
21006857,40.901,2021,0.37717,0.00109,0.8424,0,0,2,147.0,2,0,192,"{""distr_id"": ""DK1"", ""distrik_id"": ""DK1"", ""distrik_na"": ""Jylland og Fyn"", ""ho_id"": ""999"", ""mst_id"": ""DK1""}"
21006858,317.682,2021,0.67562,0.74179,0.8329,4,8252.0,178,9648.0,1,1,1307,"{""distr_id"": ""DK1"", ""distrik_id"": ""DK1"", ""distrik_na"": ""Jylland og Fyn"", ""ho_id"": ""999"", ""mst_id"": ""DK1""}"
21006869,10.852,2021,0.80787,0.72561,0.8631,0,0,4,69.0,0,0,68,"{""distr_id"": ""DK1"", ""distrik_id"": ""DK1"", ""distrik_na"": ""Jylland og Fyn"", ""ho_id"": ""999"", ""mst_id"": ""DK1""}"
21006876,21.601,2021,0.80201,0.83214,0.8522,0,0,14,632.0,0,0,133,"{""distr_id"": ""DK1"", ""distrik_id"": ""DK1"", ""distrik_na"": ""Jylland og Fyn"", ""ho_id"": ""999"", ""mst_id"": ""DK1""}"
23000182,22.22,2021,0.72107,0.59284,0.8856,1,443.0,4,117.0,0,0,82,"{""distr_id"": ""DK1"", ""distrik_id"": ""DK1"", ""distrik_na"": ""Jylland og Fyn"", ""ho_id"": ""999"", ""mst_id"": ""DK1""}"
25003908,79.47,2021,0.52132,0.00038,0.8563,1,1449.0,23,765.0,1,0,302,"{""distr_id"": ""DK1"", ""distrik_id"": ""DK1"", ""distrik_na"": ""Jylland og Fyn"", ""ho_id"": ""999"", ""mst_id"": ""DK1""}"
25003910,111.561,2021,0.52446,0.00027,0.8514,1,1990.0,25,1329.0,1,0,379,"{""distr_id"": ""DK1"", ""distrik_id"": ""DK1"", ""distrik_na"": ""Jylland og Fyn"", ""ho_id"": ""999"", ""mst_id"": ""DK1""}"
26000766,118.843,2021,0.61384,0.63322,0.7118,3,2542.0,124,7001.0,0,0,621,"{""distr_id"": ""DK1"", ""distrik_id"": ""DK1"", ""distrik_na"": ""Jylland og Fyn"", ""ho_id"": ""999"", ""mst_id"": ""DK1""}"
26000768,129.861,2021,0.63739,0.69183,0.7927,1,6236.0,100,4059.0,0,1,580,"{""distr_id"": ""DK1"", ""distrik_id"": ""DK1"", ""distrik_na"": ""Jylland og Fyn"", ""ho_id"": ""999"", ""mst_id"": ""DK1""}"
27001035,13.463,2021,0.63248,0.76834,0.9083,0,0,1,7.0,0,0,55,"{""distr_id"": ""DK1"", ""distrik_id"": ""DK1"", ""distrik_na"": ""Jylland og Fyn"", ""ho_id"": ""999"", ""mst_id"": ""DK1""}"
28000262,168.028,2021,0.6774,0.63916,0.7561,0,0,150,11359.0,0,0,812,"{""distr_id"": ""DK1"", ""distrik_id"": ""DK1"", ""distrik_na"": ""Jylland og Fyn"", ""ho_id"": ""999"", ""mst_id"": ""DK1""}"
31001396,186.443,2021,0.51764,0.00036,0.808,1,30092.0,44,9543.0,3,0,588,"{""distr_id"": ""DK1"", ""distrik_id"": ""DK1"", ""distrik_na"": ""Jylland og Fyn"", ""ho_id"": ""999"", ""mst_id"": ""DK1""}"
32000998,62.567,2021,0.6384,0.69133,0.8202,0,0,30,959.0,3,0,362,"{""distr_id"": ""DK1"", ""distrik_id"": ""DK1"", ""distrik_na"": ""Jylland og Fyn"", ""ho_id"": ""999"", ""mst_id"": ""DK1""}"
32001001,30.476,2021,0.67296,0.76899,0.8286,0,0,23,731.0,0,0,196,"{""distr_id"": ""DK1"", ""distrik_id"": ""DK1"", ""distrik_na"": ""Jylland og Fyn"", ""ho_id"": ""999"", ""mst_id"": ""DK1""}"
33000334,61.989,2021,0.68753,0.78656,0.8258,0,0,23,2269.0,0,0,114,"{""distr_id"": ""DK1"", ""distrik_id"": ""DK1"", ""distrik_na"": ""Jylland og Fyn"", ""ho_id"": ""999"", ""mst_id"": ""DK1""}"
35000722,216.903,2021,0.73627,0.00081,0.8865,2,990.0,37,3374.0,0,0,917,"{""distr_id"": ""DK1"", ""distrik_id"": ""DK1"", ""distrik_na"": ""Jylland og Fyn"", ""ho_id"": ""999"", ""mst_id"": ""DK1""}"
36000551,381.386,2021,0.75194,0.16163,0.8386,2,8320.0,165,10218.0,3,0,1639,"{""distr_id"": ""DK1"", ""distrik_id"": ""DK1"", ""distrik_na"": ""Jylland og Fyn"", ""ho_id"": ""999"", ""mst_id"": ""DK1""}"
36000552,414.156,2021,0.75694,0.14891,0.8417,3,9440.0,175,11416.0,4,0,1796,"{""distr_id"": ""DK1"", ""distrik_id"": ""DK1"", ""distrik_na"": ""Jylland og Fyn"", ""ho_id"": ""999"", ""mst_id"": ""DK1""}"
37000857,65.444,2021,0.7674,0.84419,0.8717,1,4225.0,19,201.0,0,0,137,"{""distr_id"": ""DK1"", ""distrik_id"": ""DK1"", ""distrik_na"": ""Jylland og Fyn"", ""ho_id"": ""999"", ""mst_id"": ""DK1""}"
38000868,164.74,2021,0.78037,0.47021,0.8939,4,6081.0,32,1785.0,0,0,482,"{""distr_id"": ""DK1"", ""distrik_id"": ""DK1"", ""distrik_na"": ""Jylland og Fyn"", ""ho_id"": ""999"", ""mst_id"": ""DK1""}"
43000494,135.911,2021,0.72547,0.66983,0.8272,3,6023.0,60,3020.0,0,0,663,"{""distr_id"": ""DK1"", ""distrik_id"": ""DK1"", ""distrik_na"": ""Jylland og Fyn"", ""ho_id"": ""999"", ""mst_id"": ""DK1""}"
43000496,27.861,2021,0.73055,0.72834,0.7841,1,3470.0,25,1558.0,0,0,131,"{""distr_id"": ""DK1"", ""distrik_id"": ""DK1"", ""distrik_na"": ""Jylland og Fyn"", ""ho_id"": ""999"", ""mst_id"": ""DK1""}"
43000497,18.551,2021,0.79276,0.8006,0.809,0,0,15,748.0,0,0,70,"{""distr_id"": ""DK1"", ""distrik_id"": ""DK1"", ""distrik_na"": ""Jylland og Fyn"", ""ho_id"": ""999"", ""mst_id"": ""DK1""}"
44000452,120.034,2021,0.68081,0.75096,0.8176,2,5914.0,74,5116.0,0,0,444,"{""distr_id"": ""DK1"", ""distrik_id"": ""DK1"", ""distrik_na"": ""Jylland og Fyn"", ""ho_id"": ""999"", ""mst_id"": ""DK1""}"
45001605,503.2,2021,0.61404,0.55924,0.7717,8,115633.0,261,36908.0,0,0,2058,"{""distr_id"": ""DK1"", ""distrik_id"": ""DK1"", ""distrik_na"": ""Jylland og Fyn"", ""ho_id"": ""999"", ""mst_id"": ""DK1""}"
45001607,453.09,2021,0.65462,0.58555,0.8202,7,7737.0,154,7527.0,0,0,2045,"{""distr_id"": ""DK1"", ""distrik_id"": ""DK1"", ""distrik_na"": ""Jylland og Fyn"", ""ho_id"": ""999"", ""mst_id"": ""DK1""}"
45001608,296.079,2021,0.64233,0.59654,0.8269,5,6336.0,99,4903.0,0,0,1274,"{""distr_id"": ""DK1"", ""distrik_id"": ""DK1"", ""distrik_na"": ""Jylland og Fyn"", ""ho_id"": ""999"", ""mst_id"": ""DK1""}"
45001611,6.091,2021,0.40777,0.58583,0.8708,0,0,0,0,0,0,24,"{""distr_id"": ""DK1"", ""distrik_id"": ""DK1"", ""distrik_na"": ""Jylland og Fyn"", ""ho_id"": ""999"", ""mst_id"": ""DK1""}"
45001612,3.028,2021,0.78342,0.37277,0.9042,0,0,0,0,0,0,14,"{""distr_id"": ""DK1"", ""distrik_id"": ""DK1"", ""distrik_na"": ""Jylland og Fyn"", ""ho_id"": ""999"", ""mst_id"": ""DK1""}"
45001614,42.432,2021,0.79307,0.77433,0.8293,1,5023.0,23,565.0,0,0,98,"{""distr_id"": ""DK1"", ""distrik_id"": ""DK1"", ""distrik_na"": ""Jylland og Fyn"", ""ho_id"": ""999"", ""mst_id"": ""DK1""}"
45001615,29.207,2021,0.44712,0.40035,0.7699,0,0,4,119.0,0,0,109,"{""distr_id"": ""DK1"", ""distrik_id"": ""DK1"", ""distrik_na"": ""Jylland og Fyn"", ""ho_id"": ""999"", ""mst_id"": ""DK1""}"
45001616,75.436,2021,0.68111,0.53936,0.7698,3,4780.0,40,3373.0,0,0,372,"{""distr_id"": ""DK1"", ""distrik_id"": ""DK1"", ""distrik_na"": ""Jylland og Fyn"", ""ho_id"": ""999"", ""mst_id"": ""DK1""}"
45001620,3.388,2021,0.25674,0.41282,0.851,0,0,0,0,0,0,8,"{""distr_id"": ""DK1"", ""distrik_id"": ""DK1"", ""distrik_na"": ""Jylland og Fyn"", ""ho_id"": ""999"", ""mst_id"": ""DK1""}"
45001621,71.594,2021,0.70438,0.77342,0.8517,2,1556.0,24,649.0,0,0,362,"{""distr_id"": ""DK1"", ""distrik_id"": ""DK1"", ""distrik_na"": ""Jylland og Fyn"", ""ho_id"": ""999"", ""mst_id"": ""DK1""}"
45001624,43.456,2021,0.51853,0.6018,0.7067,0,0,53,2098.0,0,0,138,"{""distr_id"": ""DK1"", ""distrik_id"": ""DK1"", ""distrik_na"": ""Jylland og Fyn"", ""ho_id"": ""999"", ""mst_id"": ""DK1""}"
46000717,16.59,2021,0.71753,0.51871,0.8667,0,0,2,16.0,0,0,53,"{""distr_id"": ""DK1"", ""distrik_id"": ""DK1"", ""distrik_na"": ""Jylland og Fyn"", ""ho_id"": ""999"", ""mst_id"": ""DK1""}"
46000718,75.506,2021,0.67718,0.59462,0.8058,1,1262.0,68,1439.0,0,0,299,"{""distr_id"": ""DK1"", ""distrik_id"": ""DK1"", ""distrik_na"": ""Jylland og Fyn"", ""ho_id"": ""999"", ""mst_id"": ""DK1""}"
46000726,17.345,2021,0.7759,0.75291,0.8397,0,0,6,286.0,0,0,22,"{""distr_id"": ""DK1"", ""distrik_id"": ""DK1"", ""distrik_na"": ""Jylland og Fyn"", ""ho_id"": ""999"", ""mst_id"": ""DK1""}"
47000766,40.773,2021,0.64791,0.79048,0.8381,0,0,11,343.0,0,0,160,"{""distr_id"": ""DK1"", ""distrik_id"": ""DK1"", ""distrik_na"": ""Jylland og Fyn"", ""ho_id"": ""999"", ""mst_id"": ""DK1""}"
47000854,54.846,2021,0.7358,0.85715,0.8754,1,2969.0,12,279.0,0,0,274,"{""distr_id"": ""DK1"", ""distrik_id"": ""DK1"", ""distrik_na"": ""Jylland og Fyn"", ""ho_id"": ""999"", ""mst_id"": ""DK1""}"
48000404,34.117,2021,0.60748,0.69274,0.7778,1,2712.0,11,587.0,0,0,278,"{""distr_id"": ""DK2"", ""distrik_id"": ""DK2"", ""distrik_na"": ""Sjælland"", ""ho_id"": ""999"", ""mst_id"": ""DK2""}"
48000406,9.779,2021,0.55196,0.47525,0.8479,0,0,1,11.0,0,0,59,"{""distr_id"": ""DK2"", ""distrik_id"": ""DK2"", ""distrik_na"": ""Sjælland"", ""ho_id"": ""999"", ""mst_id"": ""DK2""}"
50000537,8.093,2021,0.3791,0.64497,0.742,0,0,1,17.0,0,0,68,"{""distr_id"": ""DK2"", ""distrik_id"": ""DK2"", ""distrik_na"": ""Sjælland"", ""ho_id"": ""999"", ""mst_id"": ""DK2""}"
51000680,39.244,2021,0.67404,0.66617,0.7304,1,187.0,25,888.0,0,0,344,"{""distr_id"": ""DK2"", ""distrik_id"": ""DK2"", ""distrik_na"": ""Sjælland"", ""ho_id"": ""999"", ""mst_id"": ""DK2""}"
51000682,107.844,2021,0.69144,0.6621,0.8365,2,1061.0,39,2198.0,0,0,729,"{""distr_id"": ""DK2"", ""distrik_id"": ""DK2"", ""distrik_na"": ""Sjælland"", ""ho_id"": ""999"", ""mst_id"": ""DK2""}"
51000683,34.27,2021,0.57842,0.76823,0.7935,1,3267.0,19,1559.0,0,0,167,"{""distr_id"": ""DK2"", ""distrik_id"": ""DK2"", ""distrik_na"": ""Sjælland"", ""ho_id"": ""999"", ""mst_id"": ""DK2""}"
51000685,9.203,2021,0.56057,0.84789,0.8681,0,0,1,34.0,0,0,53,"{""distr_id"": ""DK2"", ""distrik_id"": ""DK2"", ""distrik_na"": ""Sjælland"", ""ho_id"": ""999"", ""mst_id"": ""DK2""}"
51000686,9.546,2021,0.65312,0.77925,0.836,0,0,5,171.0,0,0,36,"{""distr_id"": ""DK2"", ""distrik_id"": ""DK2"", ""distrik_na"": ""Sjælland"", ""ho_id"": ""999"", ""mst_id"": ""DK2""}"
52000092,25.946,2021,0.47943,0.53838,0.654,2,4923.0,58,1361.0,0,0,122,"{""distr_id"": ""DK2"", ""distrik_id"": ""DK2"", ""distrik_na"": ""Sjælland"", ""ho_id"": ""999"", ""mst_id"": ""DK2""}"
52000151,95.934,2021,0.58758,0.62194,0.752,1,7632.0,60,2557.0,0,0,451,"{""distr_id"": ""DK2"", ""distrik_id"": ""DK2"", ""distrik_na"": ""Sjælland"", ""ho_id"": ""999"", ""mst_id"": ""DK2""}"
52000812,180.384,2021,0.6214,0.71444,0.7491,5,7665.0,159,3634.0,0,3,518,"{""distr_id"": ""DK2"", ""distrik_id"": ""DK2"", ""distrik_na"": ""Sjælland"", ""ho_id"": ""999"", ""mst_id"": ""DK2""}"
52000850,26.433,2021,0.5419,0.60125,0.6267,1,196.0,20,1540.0,0,0,92,"{""distr_id"": ""DK2"", ""distrik_id"": ""DK2"", ""distrik_na"": ""Sjælland"", ""ho_id"": ""999"", ""mst_id"": ""DK2""}"
52000856,28.611,2021,0.58865,0.49478,0.6698,0,0,47,1087.0,0,0,97,"{""distr_id"": ""DK2"", ""distrik_id"": ""DK2"", ""distrik_na"": ""Sjælland"", ""ho_id"": ""999"", ""mst_id"": ""DK2""}"
53000797,27.726,2021,0.80068,0.80436,0.816,1,123.0,23,409.0,0,0,175,"{""distr_id"": ""DK2"", ""distrik_id"": ""DK2"", ""distrik_na"": ""Sjælland"", ""ho_id"": ""999"", ""mst_id"": ""DK2""}"
54000492,13.647,2021,0.82697,0.85781,0.8615,0,0,6,47.0,0,0,138,"{""distr_id"": ""DK2"", ""distrik_id"": ""DK2"", ""distrik_na"": ""Sjælland"", ""ho_id"": ""999"", ""mst_id"": ""DK2""}"
58000208,141.143,2021,0.55419,0.72427,0.7912,5,2512.0,127,3479.0,0,0,543,"{""distr_id"": ""DK2"", ""distrik_id"": ""DK2"", ""distrik_na"": ""Sjælland"", ""ho_id"": ""999"", ""mst_id"": ""DK2""}"
59000235,127.032,2021,0.64561,0.84708,0.869,1,920.0,52,702.0,0,0,662,"{""distr_id"": ""DK2"", ""distrik_id"": ""DK2"", ""distrik_na"": ""Sjælland"", ""ho_id"": ""999"", ""mst_id"": ""DK2""}"
60000992,41.504,2021,0.67356,0.83886,0.8699,0,0,7,130.0,0,0,151,"{""distr_id"": ""DK2"", ""distrik_id"": ""DK2"", ""distrik_na"": ""Sjælland"", ""ho_id"": ""999"", ""mst_id"": ""DK2""}"
62000053,10.617,2021,0.6797,0.84672,0.9066,0,0,1,6.0,0,0,88,"{""distr_id"": ""DK2"", ""distrik_id"": ""DK2"", ""distrik_na"": ""Sjælland"", ""ho_id"": ""999"", ""mst_id"": ""DK2""}"
64000249,41.556,2021,0.75391,0.88244,0.8998,0,0,11,521.0,0,0,149,"{""distr_id"": ""DK2"", ""distrik_id"": ""DK2"", ""distrik_na"": ""Sjælland"", ""ho_id"": ""999"", ""mst_id"": ""DK2""}"
66000013,44.551,2021,0.77907,0.79054,0.8706,0,0,11,477.0,0,1,263,"{""distr_id"": ""DK3"", ""distrik_id"": ""DK3"", ""distrik_na"": ""Bornholm"", ""ho_id"": ""999"", ""mst_id"": ""DK3""}"
